{"cameraMode":{"drawMode":0,"name":"Shaded","section":"Shading Mode"},"sceneLighting":false,"audioPlay":false,"sceneViewState":{"showFog":true,"showMaterialUpdate":false,"showSkybox":true,"showFlares":true,"showImageEffects":true,"showParticleSystems":true},"in2DMode":false,"pivot":{"x":-97.58000183105469,"y":16.054845809936525,"z":-33.75},"rotation":{"x":-0.09165854752063751,"y":0.8494011163711548,"z":-0.1572108268737793,"w":-0.4953799247741699},"size":318.6413269042969,"orthographic":true}