{"cameraMode":{"drawMode":0,"name":"Shaded","section":"Shading Mode"},"sceneLighting":false,"audioPlay":false,"sceneViewState":{"showFog":true,"showMaterialUpdate":false,"showSkybox":true,"showFlares":true,"showImageEffects":true,"showParticleSystems":true},"in2DMode":false,"pivot":{"x":39.777565002441409,"y":7.1763153076171879,"z":83.94757080078125},"rotation":{"x":0.16778405010700227,"y":0.10210812091827393,"z":-0.017450351268053056,"w":0.9803662300109863},"size":497.70556640625,"orthographic":false}