{"cameraMode":{"drawMode":0,"name":"Shaded","section":"Shading Mode"},"sceneLighting":false,"audioPlay":false,"sceneViewState":{"showFog":true,"showMaterialUpdate":false,"showSkybox":true,"showFlares":true,"showImageEffects":true,"showParticleSystems":true},"in2DMode":false,"pivot":{"x":2.5455844402313234,"y":1.1203668117523194,"z":-0.7619376182556152},"rotation":{"x":-0.17840352654457093,"y":-0.3662715256214142,"z":0.07177548110485077,"w":-0.9104206562042236},"size":9.906184196472168,"orthographic":false}