{"cameraMode":{"drawMode":0,"name":"Shaded","section":"Shading Mode"},"sceneLighting":false,"audioPlay":false,"sceneViewState":{"showFog":true,"showMaterialUpdate":false,"showSkybox":false,"showFlares":true,"showImageEffects":true,"showParticleSystems":true},"in2DMode":false,"pivot":{"x":114.70710754394531,"y":-20.3807315826416,"z":88.55534362792969},"rotation":{"x":-0.1442236453294754,"y":0.637606680393219,"z":-0.12316019088029862,"w":-0.7466555833816528},"size":191.18504333496095,"orthographic":false}