{"cameraMode":{"drawMode":0,"name":"Shaded","section":"Shading Mode"},"sceneLighting":false,"audioPlay":false,"sceneViewState":{"showFog":true,"showMaterialUpdate":false,"showSkybox":false,"showFlares":true,"showImageEffects":true,"showParticleSystems":true},"in2DMode":false,"pivot":{"x":19.304798126220704,"y":69.84611511230469,"z":10.848339080810547},"rotation":{"x":0.03345033526420593,"y":-0.8613043427467346,"z":0.0571986585855484,"w":0.5037667751312256},"size":170.06809997558595,"orthographic":false}