{"cameraMode":{"drawMode":0,"name":"Shaded","section":"Shading Mode"},"sceneLighting":false,"audioPlay":false,"sceneViewState":{"showFog":true,"showMaterialUpdate":false,"showSkybox":false,"showFlares":true,"showImageEffects":true,"showParticleSystems":true},"in2DMode":false,"pivot":{"x":105.23403930664063,"y":96.49593353271485,"z":-35.264671325683597},"rotation":{"x":-0.04915096238255501,"y":0.868161141872406,"z":-0.08782143145799637,"w":-0.4859873354434967},"size":46.788143157958987,"orthographic":false}